{
  "PresetList": [
    {
      "AlignAVStart": true,
      "AudioCopyMask": [
        "copy:aac",
        "copy:ac3",
        "copy:dtshd",
        "copy:dts",
        "copy:mp3",
        "copy:truehd",
        "copy:flac",
        "copy:eac3"
      ],
      "AudioEncoderFallback": "ac3",
      "AudioLanguageList": [],
      "AudioList": [
        {
          "AudioBitrate": 64,
          "AudioCompressionLevel": 0.0,
          "AudioEncoder": "av_aac",
          "AudioMixdown": "stereo",
          "AudioNormalizeMixLevel": false,
          "AudioSamplerate": "auto",
          "AudioTrackQualityEnable": false,
          "AudioTrackQuality": -1.0,
          "AudioTrackGainSlider": 0.0,
          "AudioTrackDRCSlider": 0.0
        }
      ],
      "AudioSecondaryEncoderMode": true,
      "AudioTrackSelectionBehavior": "first",
      "ChapterMarkers": false,
      "ChildrenArray": [],
      "Default": true,
      "FileFormat": "mp4",
      "Folder": false,
      "FolderOpen": false,
      "Mp4HttpOptimize": true,
      "Mp4iPodCompatible": false,
      "PictureAutoCrop": true,
      "PictureBottomCrop": 4,
      "PictureLeftCrop": 4,
      "PictureRightCrop": 4,
      "PictureTopCrop": 4,
      "PictureDARWidth": 1284,
      "PictureDeblock": 4,
      "PictureDeinterlaceFilter": "decomb",
      "PictureCombDetectPreset": "default",
      "PictureCombDetectCustom": "",
      "PictureDeinterlacePreset": "default",
      "PictureDeinterlaceCustom": "",
      "PictureDenoiseCustom": "",
      "PictureDenoiseFilter": "off",
      "PictureDenoisePreset": "light",
      "PictureDenoiseTune": "none",
      "PictureSharpenCustom": "",
      "PictureSharpenFilter": "off",
      "PictureSharpenPreset": "medium",
      "PictureSharpenTune": "none",
      "PictureDetelecine": "off",
      "PictureDetelecineCustom": "",
      "PictureItuPAR": false,
      "PictureKeepRatio": true,
      "PictureLooseCrop": false,
      "PictureModulus": 2,
      "PicturePAR": "auto",
      "PicturePARWidth": 2151,
      "PicturePARHeight": 2144,
      "PictureRotate": "0:0",
      "PictureWidth": 0,
      "PictureHeight": 0,
      "PictureForceHeight": 0,
      "PictureForceWidth": 0,
      "PresetName": "Mediasite Preset 1",
      "Type": 1,
      "UsesPictureFilters": false,
      "UsesPictureSettings": 0,
      "SubtitleAddCC": false,
      "SubtitleAddForeignAudioSearch": true,
      "SubtitleAddForeignAudioSubtitle": false,
      "SubtitleBurnBehavior": "foreign",
      "SubtitleBurnBDSub": false,
      "SubtitleBurnDVDSub": false,
      "SubtitleLanguageList": [],
      "SubtitleTrackSelectionBehavior": "none",
      "VideoAvgBitrate": 1500,
      "VideoColorMatrixCode": 0,
      "VideoEncoder": "x264",
      "VideoFramerate": "30",
      "VideoFramerateMode": "cfr",
      "VideoGrayScale": false,
      "VideoScaler": "swscale",
      "VideoPreset": "slower",
      "VideoTune": "",
      "VideoProfile": "main",
      "VideoLevel": "auto",
      "VideoOptionExtra": "keyint=60",
      "VideoQualityType": 1,
      "VideoQualitySlider": 21.0,
      "VideoQSVDecode": false,
      "VideoQSVAsyncDepth": 4,
      "VideoTwoPass": true,
      "VideoTurboTwoPass": true,
      "x264Option": "",
      "x264UseAdvancedOptions": false
    }
  ],
  "VersionMajor": "34",
  "VersionMicro": "0",
  "VersionMinor": "0"
}